"","baseMean","log2FoldChange","lfcSE","stat","pvalue","padj","ABSLFC","FC"
"ENSMUSG00000045636",58.7479271811702,-1.75386936361357,0.250019167552194,-7.01493961756925,2.30048284866026e-12,2.44265268870746e-08,1.75386936361357,-3.37261903570039
"ENSMUSG00000005800",139.507326539439,-1.23778204445026,0.201789278628471,-6.13403275368871,8.56788664626917e-10,4.5486910205043e-06,1.23778204445026,-2.3583568681959
"ENSMUSG00000022122",65.9082315403993,-3.41747064888417,0.582699715951715,-5.86489156477872,4.49426306356276e-09,1.59066950696365e-05,3.41747064888417,-10.684671507005
"ENSMUSG00000027073",123.977349531358,1.44316799307662,0.261156302564327,5.52606993936569,3.2748362592155e-08,8.69305285008755e-05,1.44316799307662,2.71917309657398
"ENSMUSG00000024011",33.5153212179006,-1.67111332444753,0.305539693474007,-5.46938208075964,4.51607262265469e-08,9.59033182146951e-05,1.67111332444753,-3.18460253748001
"ENSMUSG00000025330",92.7168921281876,-1.62788854839807,0.305764654801926,-5.32399190957049,1.01514423438408e-07,0.000153982878295573,1.62788854839807,-3.09060343294917
"ENSMUSG00000026011",10.59833893125,1.85316438014635,0.3470448764833,5.33984076908141,9.30282525773571e-08,0.000153982878295573,1.85316438014635,3.61291767167702
"ENSMUSG00000052212",122.806943624139,-1.08444161101692,0.205600878194128,-5.27449892501428,1.33119298764384e-07,0.000176682589285029,1.08444161101692,-2.12055457224843
"ENSMUSG00000028497",45.5215604648773,-1.41939012328217,0.271482478222195,-5.22829367323098,1.71081612752862e-07,0.000184896021492558,1.41939012328217,-2.67472417282185
"ENSMUSG00000039959",91.7168273941344,-1.1117341510317,0.218771384649122,-5.08171648140711,3.74039410769603e-07,0.000264770030903443,1.1117341510317,-2.16105254491097
"ENSMUSG00000040907",78.0220319369075,-1.28049209958404,0.251374408874898,-5.09396364297888,3.50654039143076e-07,0.000264770030903443,1.28049209958404,-2.42921822760624
"ENSMUSG00000072601",16.6951583419715,1.50817690237125,0.296228212508915,5.09126693098438,3.55678885015368e-07,0.000264770030903443,1.50817690237125,2.8445035910575
"ENSMUSG00000074272",96.3436989610189,-1.17364771760037,0.22946935176309,-5.11461643388473,3.14379123009822e-07,0.000264770030903443,1.17364771760037,-2.2558133751327
"ENSMUSG00000092035",14.4946801982169,-1.57919308075548,0.313847170910437,-5.03172635322604,4.86082753445438e-07,0.000322576667255229,1.57919308075548,-2.98802678519407
"ENSMUSG00000052336",29.9277196199927,-2.07607354304316,0.414194946975692,-5.01231016506099,5.37804229128817e-07,0.000335906194405281,2.07607354304316,-4.21658063274405
"ENSMUSG00000005373",20.692800939599,-2.93382346455515,0.597497838859566,-4.91018255422461,9.09916448772519e-07,0.000508499623845611,2.93382346455515,-7.64132840234914
"ENSMUSG00000001270",47.8466342177388,-0.798772655804612,0.163781385387266,-4.87706618133611,1.0767531691523e-06,0.000544426911907576,0.798772655804612,-1.73962054921247
"ENSMUSG00000038860",11.1543720212418,-2.63258318090435,0.539697245535588,-4.8778888583947,1.07227311641139e-06,0.000544426911907576,2.63258318090435,-6.20135371553493
"ENSMUSG00000029005",17.7846719981766,-1.23932531564725,0.255040756213454,-4.85932261983261,1.1778805896996e-06,0.000568488004610473,1.23932531564725,-2.36088098554244
"ENSMUSG00000028965",14.4516400356179,1.3001276118348,0.268728927042766,4.83806349447409,1.31110261488754e-06,0.000605273372385908,1.3001276118348,2.46250663508546
"ENSMUSG00000029471",98.8226261985722,-0.600349185329325,0.125385899802278,-4.78801193974777,1.6844162935869e-06,0.000745213841887739,0.600349185329325,-1.51608347013836
"ENSMUSG00000029416",42.2751299293145,-0.655937281406933,0.137518167183222,-4.76982274300528,1.8438809934572e-06,0.000783133135541142,0.655937281406933,-1.5756392725034
"ENSMUSG00000002083",36.3429967208875,1.33761620241411,0.282135682700472,4.74103874281718,2.12625264742704e-06,0.000785690505893253,1.33761620241411,2.52733376537749
"ENSMUSG00000020681",132.830764921524,-2.02033206275584,0.426304468348045,-4.73917636984841,2.14588667083296e-06,0.000785690505893253,2.02033206275584,-4.05677155217675
"ENSMUSG00000031824",114.845231701225,-1.03104512222812,0.217153285771079,-4.74800608504278,2.05431857197186e-06,0.000785690505893253,1.03104512222812,-2.04350407776808
"ENSMUSG00000020377",14.9209470574837,-2.58654111761843,0.551603621595795,-4.68913004982734,2.7436898260044e-06,0.000971083285750491,2.58654111761843,-6.0065688763315
"ENSMUSG00000025026",186.703222289281,-0.736703472615541,0.160356313443291,-4.59416568513264,4.34484072797744e-06,0.00144167246405201,0.736703472615541,-1.66636387948434
"ENSMUSG00000052698",19.8620914278389,-1.60824037764261,0.349959798684753,-4.5955003508598,4.31712066807389e-06,0.00144167246405201,1.60824037764261,-3.04879760013231
"ENSMUSG00000031367",26.5614843825402,-1.05204780585237,0.230060721038307,-4.57291362516939,4.80988455579809e-06,0.0015476167943474,1.05204780585237,-2.07347090845281
"ENSMUSG00000006345",9.19141951611975,-1.38943021160799,0.306274086646712,-4.53655817513124,5.717972186352e-06,0.0016409034776942,1.38943021160799,-2.61975193963212
"ENSMUSG00000020532",34.5971630645023,-0.954014012169209,0.21010935794152,-4.54055936163843,5.61051791486027e-06,0.0016409034776942,0.954014012169209,-1.93725519394439
"ENSMUSG00000026180",54.9163356327392,-1.10139825498227,0.242336808600335,-4.54490698851577,5.49595175502382e-06,0.0016409034776942,1.10139825498227,-2.14562545033409
"ENSMUSG00000092274",495.809782650243,-0.717670124292633,0.157908248706893,-4.54485519388391,5.49730334055907e-06,0.0016409034776942,0.717670124292633,-1.64452407002961
"ENSMUSG00000024659",206.821384398666,-0.663566160879876,0.147156570310808,-4.5092526924103,6.50563830079348e-06,0.00181781230204803,0.663566160879876,-1.58399322071094
"ENSMUSG00000018924",313.25691210192,-1.90292132647637,0.423667109455799,-4.49154839732702,7.07072285898156e-06,0.00192504962350426,1.90292132647637,-3.73969685105835
"ENSMUSG00000002307",87.0753962015638,0.765172283238491,0.170638240412363,4.48417823220272,7.319546424088e-06,0.00194297359827416,0.765172283238491,1.69957294515119
"ENSMUSG00000003882",44.9190783669395,0.952454703829407,0.214479090057188,4.44078116694474,8.96329081754261e-06,0.00232127370489433,0.952454703829407,1.93516248120293
"ENSMUSG00000054263",38.5889533144538,-0.995011886222277,0.224954187249914,-4.4231756625044,9.72605980997836e-06,0.00245884054910358,0.995011886222277,-1.99309694651743
"ENSMUSG00000001288",34.2343432524636,-0.808286637504243,0.183595212784502,-4.4025474588653,1.06987176663823e-05,0.00259306676252094,0.808286637504243,-1.75113054290813
"ENSMUSG00000020604",16.4515591103884,-1.19672817348933,0.273338107224496,-4.3781973382381,1.19664975855647e-05,0.00259306676252094,1.19672817348933,-2.29219244554088
"ENSMUSG00000043421",30.9660947032574,1.28175300189745,0.292664956162825,4.37959166243444,1.18901900263346e-05,0.00259306676252094,1.28175300189745,2.43134227025296
"ENSMUSG00000045193",60.4763392291755,0.702062248904275,0.160208231926067,4.38218586188669,1.17494507455653e-05,0.00259306676252094,0.702062248904275,1.62682858858453
"ENSMUSG00000056602",52.4409741269535,-0.798153920807899,0.18222314171452,-4.38009087812966,1.18629823923254e-05,0.00259306676252094,0.798153920807899,-1.73887463042522
"ENSMUSG00000058099",274.415459839239,-0.92972101442115,0.211718740409586,-4.39130240725281,1.12673701721809e-05,0.00259306676252094,0.92972101442115,-1.90490759311957
"ENSMUSG00000030589",94.0739639673542,-0.944806573129149,0.216893615792974,-4.35608291039315,1.32410638650025e-05,0.00281187232237194,0.944806573129149,-1.92493078709781
"ENSMUSG00000005142",466.688985481388,-0.660636711371732,0.151852859539028,-4.35050557083479,1.35824004285083e-05,0.00282780250490002,0.660636711371732,-1.58078012290904
"ENSMUSG00000026285",8.38506114538931,1.85510622802855,0.430129886732573,4.31289776704574,1.61128636170644e-05,0.00329012280549981,1.85510622802855,3.61778388386488
"ENSMUSG00000032487",23.3240741050819,2.056318413127,0.478729988390394,4.29536160882848,1.7440881103875e-05,0.00349409953888574,2.056318413127,4.15923561249188
"ENSMUSG00000063193",25.9472155539515,-1.52651637407043,0.355831382761061,-4.2899992750091,1.78673701532068e-05,0.00351325437568056,1.52651637407043,-2.88089359125959
"ENSMUSG00000039270",23.5151915097617,-0.924373018389736,0.215752973359428,-4.28440453911985,1.83229258167497e-05,0.00353732411494997,0.924373018389736,-1.89785927097502
"ENSMUSG00000015854",67.2232074309217,-1.74393176179871,0.409556615295737,-4.25809691912664,2.06174565515143e-05,0.0039092170297139,1.74393176179871,-3.3494675194314
"ENSMUSG00000031659",208.894668901618,-0.647908033700905,0.153290705903747,-4.22666220943449,2.37183309560462e-05,0.00429363690790237,0.647908033700905,-1.56689448717555
"ENSMUSG00000032515",69.666194538621,0.844329332274284,0.199477961261676,4.23269481467523,2.30907745087346e-05,0.00429363690790237,0.844329332274284,1.79542990764442
"ENSMUSG00000038037",52.1069874692541,1.44492343224086,0.34196619458883,4.22533997542708,2.38580314151667e-05,0.00429363690790237,1.44492343224086,2.7224837395301
"ENSMUSG00000025236",98.3493702984359,-0.633417390678108,0.150832017188365,-4.19948895788533,2.67518075094527e-05,0.00459343138144552,0.633417390678108,-1.55123514053804
"ENSMUSG00000040128",109.834911333097,0.67792657645101,0.161453446829111,4.19889813296186,2.68216938829933e-05,0.00459343138144552,0.67792657645101,1.59983883347432
"ENSMUSG00000052609",54.3739786965941,-0.733206438715465,0.174618133859791,-4.19891349488472,2.68198745848049e-05,0.00459343138144552,0.733206438715465,-1.6623295729204
"ENSMUSG00000026825",7.11220256475575,-1.4687038614157,0.352321432922496,-4.16864750246058,3.06412439499629e-05,0.00498259725496747,1.4687038614157,-2.76773124817077
"ENSMUSG00000027381",86.1677837258456,0.81853650323107,0.196176890268783,4.17244101539988,3.01353627728417e-05,0.00498259725496747,0.81853650323107,1.7636160398357
"ENSMUSG00000042622",15.6544996031337,1.28784510552905,0.308350216430044,4.17656624483421,2.95942583856921e-05,0.00498259725496747,1.28784510552905,2.44163086638318
"ENSMUSG00000068747",70.6687903808815,-0.873656737992464,0.209873665415299,-4.16277447798736,3.14403857678301e-05,0.00498259725496747,0.873656737992464,-1.8323012760374
"ENSMUSG00000079481",41.7989560353438,-1.02674360336577,0.246499405329575,-4.16529850038781,3.10945453597057e-05,0.00498259725496747,1.02674360336577,-2.03742026949482
"ENSMUSG00000019872",127.198282408806,-0.7373243768567,0.177557071077553,-4.15260497586522,3.28711881960607e-05,0.0051327393568496,0.7373243768567,-1.66708120022679
"ENSMUSG00000033170",12.3392051296289,-1.20457050189195,0.290369148965795,-4.14841075982851,3.34791303650277e-05,0.00515190443791108,1.20457050189195,-2.30468647384246
"ENSMUSG00000063268",97.8127488283169,0.769463059880182,0.186532064145748,4.12509808114791,3.70576798887207e-05,0.00562112064369195,0.769463059880182,1.70463523682397
"ENSMUSG00000024597",27.1914331883593,-1.42695501236507,0.346823556495925,-4.11435436157244,3.88264598672006e-05,0.00573325717946164,1.42695501236507,-2.68878614243904
"ENSMUSG00000036918",111.458854956178,-0.612710873987585,0.149046459693176,-4.11087170570102,3.94168180543134e-05,0.00573325717946164,0.612710873987585,-1.52912979904091
"ENSMUSG00000051855",10.4983278905106,-1.75931718989269,0.427746632393294,-4.11298899081706,3.90569018478175e-05,0.00573325717946164,1.75931718989269,-3.38537861148921
"ENSMUSG00000029298",107.885457495174,0.930159974798571,0.227191772927517,4.09416222609138,4.23697588581228e-05,0.00599842799407397,0.930159974798571,1.90548727638933
"ENSMUSG00000096630",10.8733285600472,-2.23734875641887,0.546302391443899,-4.0954401654832,4.21367047169021e-05,0.00599842799407397,2.23734875641887,-4.71529736724358
"ENSMUSG00000021069",249.086762150061,-0.753025270772446,0.184718690586195,-4.07660572074628,4.56978831734671e-05,0.00630156004592043,0.753025270772446,-1.68532317948316
"ENSMUSG00000029581",104.323276182138,1.04829189036788,0.257917286621367,4.06444990213789,4.81458783683413e-05,0.0064710498293044,1.04829189036788,2.0680798502604
"ENSMUSG00000029379",120.572126378775,2.11487854887558,0.522525562035504,4.04741643765148,5.1786060329187e-05,0.00687330485719135,2.11487854887558,4.33153552291471
"ENSMUSG00000041797",13.9676429220458,-2.11247898249854,0.524138850998458,-4.0303804582972,5.56866443549358e-05,0.00729976283655196,2.11247898249854,-4.3243370729762
"ENSMUSG00000025810",24.3674243778441,-0.818805536180757,0.204019861927985,-4.01336187782433,5.98600354776294e-05,0.00765775730965626,0.818805536180757,-1.76394494861693
"ENSMUSG00000042129",183.250149692654,-0.873737660633126,0.217658715747513,-4.01425533377985,5.96337648600188e-05,0.00765775730965626,0.873737660633126,-1.83240405508085
"ENSMUSG00000046711",80.1511919703424,0.605426190340318,0.151117687805583,4.00632248370036,6.16714354409725e-05,0.00779556311324103,0.605426190340318,1.52142813595229
"ENSMUSG00000058755",28.5035296268109,0.961114109917664,0.240273678440511,4.0000807252619,6.33208801942941e-05,0.00790989536356487,0.961114109917664,1.94681272531662
"ENSMUSG00000056071",1515.13152613667,-0.708063976995962,0.177336494742962,-3.99277079442816,6.53056871228341e-05,0.00802258493200226,0.708063976995962,-1.63361042384299
"ENSMUSG00000092572",15.1920719005121,-1.85285393855101,0.464232413847513,-3.99122052507007,6.57341202754e-05,0.00802258493200226,1.85285393855101,-3.61214032148951
"ENSMUSG00000025795",46.5435588142938,-0.858975563766219,0.215397550093799,-3.98786134471893,6.66716090500602e-05,0.00804453573742658,0.858975563766219,-1.81374993647918
"ENSMUSG00000078920",96.4527688750953,0.886784703892028,0.222845022063247,3.97937856399746,6.90956424527706e-05,0.00824334305127549,0.886784703892028,1.84905059832114
"ENSMUSG00000000157",30.8898589207201,-0.948366544728791,0.239235594406942,-3.96415318999567,7.36569435744503e-05,0.00868988252081681,0.948366544728791,-1.92968658129101
"ENSMUSG00000049313",265.209781974009,-0.908476862860884,0.23020526094449,-3.94637750298828,7.93424849952455e-05,0.00925778577669798,0.908476862860884,-1.87706272755685
"ENSMUSG00000024339",157.034629417564,0.654746159768969,0.167143633303163,3.91726652597887,8.95587142122714e-05,0.0102251013710312,0.654746159768969,1.57433892597421
"ENSMUSG00000022651",71.8816552128212,-0.967407443903909,0.247346396378615,-3.91114428213902,9.18598733966686e-05,0.0103762567630407,0.967407443903909,-1.95532367461188
"ENSMUSG00000036046",176.578489145915,-0.835382215472168,0.213849797217096,-3.90639704289318,9.36825325819633e-05,0.0104707487468978,0.835382215472168,-1.78432970150732
"ENSMUSG00000068587",13.9604096404453,-1.53496532299488,0.393386873744863,-3.90192308244227,9.54314848952031e-05,0.0105551198605965,1.53496532299488,-2.89781465562203
"ENSMUSG00000029313",299.039594203526,0.606543842219904,0.155558087929767,3.89914693791911,9.65321833211165e-05,0.0105667909536455,0.606543842219904,1.52260723880894
"ENSMUSG00000030413",93.9018872916167,-0.900120700613364,0.231744619326996,-3.88410614765246,0.00010270703299384,0.0111279926155979,0.900120700613364,-1.86622211082382
"ENSMUSG00000026389",14.05901233968,-1.38550487486876,0.358403174691244,-3.86577176963441,0.000110738459230613,0.0118769793950571,1.38550487486876,-2.61263371215507
"ENSMUSG00000047250",104.788428994715,-1.22510419141171,0.317232273292826,-3.86185232257521,0.000112530583512389,0.0119484973573454,1.22510419141171,-2.33772332136533
"ENSMUSG00000031779",28.6444265723074,0.933651939919685,0.242548838297964,3.84933585529163,0.000118438520526733,0.0124512892173549,0.933651939919685,1.91010499123287
"ENSMUSG00000062148",18.6148768637921,1.35106778095315,0.351627467088258,3.84232719969522,0.000121873215016264,0.0126867627161048,1.35106778095315,2.55100863247969
"ENSMUSG00000022788",22.6506168120318,-1.02061892046104,0.266431035360062,-3.83070583005374,0.000127776194700629,0.0131721129643814,1.02061892046104,-2.02878912948123
"ENSMUSG00000027111",229.474717005563,-0.942891566354506,0.24645674395002,-3.82578926931583,0.000130353765173692,0.0133086180635987,0.942891566354506,-1.92237736455044
"ENSMUSG00000006611",23.397284459452,-1.29756910684595,0.339960562737885,-3.81682244668595,0.000135181375830209,0.0136700557006205,1.29756910684595,-2.45814344531813
"ENSMUSG00000066363",30.4795699955228,1.60655405965907,0.421243378260026,3.81383813389553,0.000136825102205593,0.0137057446718773,1.60655405965907,3.04523604447919
"ENSMUSG00000021094",20.7441741275442,-0.721760834806304,0.190095964230917,-3.79682355554669,0.000146562029869235,0.0143990921926008,0.721760834806304,-1.64919367670551
"ENSMUSG00000043953",86.8117914372313,1.25628809258626,0.331062858258205,3.79471167256836,0.000147815129873186,0.0143990921926008,1.25628809258626,2.38880334801163
"ENSMUSG00000060063",273.724305418441,-0.738326603851095,0.194866947565607,-3.78887550236049,0.000151330723526222,0.0146075420218311,0.738326603851095,-1.66823970858116
"ENSMUSG00000079363",104.211269193592,1.3857090303449,0.366424969361653,3.78169924598464,0.000155761479083954,0.0148997782424633,1.3857090303449,2.61300345157029
"ENSMUSG00000021411",12.5279050346737,-0.96346367556294,0.25539483729199,-3.7724477353527,0.0001616538356256,0.0153253609524341,0.96346367556294,-1.94998587759094
"ENSMUSG00000045282",56.8682872618895,-1.3143328632085,0.350235760531114,-3.75270892160009,0.000174933934718437,0.0164375975118617,1.3143328632085,-2.48687305091546
"ENSMUSG00000028088",11.9095007278677,-1.30958203633795,0.349278742477052,-3.74938946198247,0.000177265609760452,0.016510581091548,1.30958203633795,-2.47869719165573
"ENSMUSG00000079071",23.5591080834122,1.77920185150191,0.475224651309528,3.74391742221103,0.000181173218584843,0.0167278020429031,1.77920185150191,3.43236231954188
"ENSMUSG00000028268",59.6416031435056,0.891413412213469,0.242774762937508,3.67177132181127,0.000240875170933315,0.0216746827539825,0.891413412213469,1.85499257506143
"ENSMUSG00000019850",362.489471174163,0.922284258683487,0.25185995954815,3.66189314227682,0.000250358291680966,0.0223386919417521,0.922284258683487,1.895113504513
"ENSMUSG00000044229",15.479058868699,-1.16862528429247,0.319413787106758,-3.65865636194934,0.000253541032815356,0.0224341557202788,1.16862528429247,-2.24797389841435
"ENSMUSG00000040249",752.682629651881,-0.975136967923587,0.266753919397687,-3.65556753627231,0.000256613638381739,0.0225183769614653,0.975136967923587,-1.96582782182147
"ENSMUSG00000000326",53.8771491510559,-0.769428082176088,0.212378263677051,-3.62291351692235,0.000291303239771929,0.0247444623991867,0.769428082176088,-1.70459390896019
"ENSMUSG00000041481",74.4848866809311,1.1956951252119,0.33081194841943,3.61442544903457,0.000301014414147283,0.0253664369001258,1.1956951252119,2.29055169832567
"ENSMUSG00000049502",175.602100866952,0.614301768613419,0.17020832909188,3.60911696795879,0.000307241062371533,0.0254866062520386,0.614301768613419,1.53081693741288
"ENSMUSG00000071203",32.1246888382001,-0.84666435984119,0.234554805579676,-3.60966537329625,0.000306592261110661,0.0254866062520386,0.84666435984119,-1.79833819578601
"ENSMUSG00000025278",270.999342399328,-0.979482849186858,0.272068001927469,-3.60013982624822,0.000318046103474764,0.0261783994317445,0.979482849186858,-1.97175848253551
"ENSMUSG00000038807",119.462765997816,-0.727292818409195,0.202370139666199,-3.59387417337771,0.000325797217424637,0.026516760506055,0.727292818409195,-1.65552961470422
"ENSMUSG00000059108",95.4037525787692,-0.696281440446566,0.193799449397161,-3.59279369787914,0.000327151594113129,0.026516760506055,0.696281440446566,-1.62032300848321
"ENSMUSG00000026170",10.1419901684345,-1.24061892193648,0.34571738159881,-3.58853499410152,0.000332541363115384,0.026614382175052,1.24061892193648,-2.36299884138551
"ENSMUSG00000005540",12.4071527317018,-1.92979315756536,0.538931861855829,-3.58077392366459,0.00034257798045237,0.0269443925662464,1.92979315756536,-3.81000570392362
"ENSMUSG00000030930",45.3661029384686,-0.594175036269351,0.166139046681406,-3.57637200969836,0.000348395771577795,0.0272004875192135,0.594175036269351,-1.50960911208934
"ENSMUSG00000035735",8.22382490973928,-1.49757198711612,0.419168076742955,-3.57272433233142,0.000353286610118263,0.0273810016513556,1.49757198711612,-2.8236709692992
"ENSMUSG00000045087",14.159883557683,-1.59350305937956,0.449682195666949,-3.54362052741748,0.000394672864651781,0.0303268097490386,1.59350305937956,-3.01781226353476
"ENSMUSG00000078942",32.098608783457,-0.952024323781855,0.268776636129144,-3.54206503025217,0.000397007586656279,0.0303268097490386,0.952024323781855,-1.93458527598485
"ENSMUSG00000032232",42.5432781428107,-1.30619297355296,0.369998932784623,-3.53026146243859,0.000415149180435576,0.0314860999847496,1.30619297355296,-2.47288127003031
"ENSMUSG00000070348",27.5979809730599,-1.36820555786015,0.387773906402457,-3.52835901351272,0.000418144623755486,0.0314883660640833,1.36820555786015,-2.58149277057008
"ENSMUSG00000056054",917.803050314911,-0.809444001941718,0.230270489721972,-3.51518773820752,0.000439443213024206,0.0326294268244127,0.809444001941718,-1.7525359053082
"ENSMUSG00000023915",37.5628029355075,-0.677873944900494,0.193205973487183,-3.50855583119672,0.000450546657527115,0.0332215584001591,0.677873944900494,-1.59978047016114
"ENSMUSG00000003031",105.100085060245,0.632462657104379,0.180376221751958,3.50635272743489,0.00045429275872382,0.0332239504943173,0.632462657104379,1.55020891788612
"ENSMUSG00000031880",12.4096120582633,0.933575492576808,0.26636553020101,3.50486600827177,0.000456837141850662,0.0332239504943173,0.933575492576808,1.91000377886413
"ENSMUSG00000025950",45.2841760845056,-1.07184452532523,0.306547810808991,-3.49650034197468,0.000471403889648514,0.0340501122468566,1.07184452532523,-2.1021192672334
"ENSMUSG00000028341",11.1436742729639,1.04631103490849,0.299573930123452,3.49266384587375,0.000478228111179765,0.0343096357061267,1.04631103490849,2.06524227468888
"ENSMUSG00000006014",442.717451080423,-1.26758448460285,0.363478191787968,-3.48737424484132,0.00048778826020985,0.0347606425966993,1.26758448460285,-2.40758124711417
"ENSMUSG00000025701",70.8490854487906,-0.808644366531801,0.232178540225903,-3.4828557615403,0.000496095575609843,0.0351169521455021,0.808644366531801,-1.75156480509062
"ENSMUSG00000037944",83.9476236091419,0.834911908559828,0.240053745793577,3.47802074822765,0.000505130823955112,0.035246156559507,0.834911908559828,1.78374811926005
"ENSMUSG00000069516",1472.58052241778,-0.8228868013497,0.236543790473638,-3.47879265696222,0.000503678131569776,0.035246156559507,0.8228868013497,-1.76894206814077
"ENSMUSG00000033720",16.6761390055578,-0.917642111230767,0.264413599702714,-3.47048000655976,0.000519529018995093,0.0358205137901941,0.917642111230767,-1.88902541410317
"ENSMUSG00000002578",5.71764262115078,1.34582648811912,0.389114221213373,3.45869262737929,0.000542803973084594,0.0367101438612243,1.34582648811912,2.54175766488625
"ENSMUSG00000074519",15.3704850864278,-0.993105113339455,0.287020013224961,-3.46005528388391,0.000540064496706812,0.0367101438612243,0.993105113339455,-1.990464461637
"ENSMUSG00000025867",20.1949398205289,0.779144620118917,0.225436129243345,3.45616571192046,0.000547918362299841,0.0368215010816437,0.779144620118917,1.71611308060639
"ENSMUSG00000022438",195.47788760933,-0.969277248812375,0.281760362478784,-3.4400766675808,0.000581549423099398,0.0383907055520231,0.969277248812375,-1.95785951479421
"ENSMUSG00000024912",10.5710296052723,1.36405475751354,0.396676342517036,3.4387096262363,0.000584493811029924,0.0383907055520231,1.36405475751354,2.57407619185185
"ENSMUSG00000048895",9.86822758144886,1.07918321588056,0.313886040790096,3.4381370167469,0.00058573123935089,0.0383907055520231,1.07918321588056,2.11283955493243
"ENSMUSG00000104713",8.47375166903499,1.47175350652328,0.428424272375009,3.43527106520945,0.000591961391243782,0.0385610187253158,1.47175350652328,2.7735880129071
"ENSMUSG00000022390",65.7958373914062,0.595594603893071,0.173562386569595,3.4315880051249,0.000600058400686358,0.0388501225517546,0.595594603893071,1.51109525214278
"ENSMUSG00000106847",17.137603476879,-0.703920432471794,0.205432422185189,-3.42653036450711,0.000611345405414633,0.039104009124654,0.703920432471794,-1.6289252851629
"ENSMUSG00000020846",41.0827962487481,-0.871727710954806,0.254868560937531,-3.42030302893446,0.000625514155937494,0.0397707144176306,0.871727710954806,-1.829852943835
"ENSMUSG00000001029",48.9682115885097,-0.916160205725986,0.268745158198301,-3.40902962445177,0.000651943996040785,0.0405454742867786,0.916160205725986,-1.88708604379083
"ENSMUSG00000035929",131.634378291203,0.681315654031853,0.199817004574308,3.40969806590453,0.000650348353114763,0.0405454742867786,0.681315654031853,1.60360147992675
"ENSMUSG00000058427",419.439323194618,1.61446230744717,0.473643951326674,3.40859901815503,0.000652973827749024,0.0405454742867786,1.61446230744717,3.06197458333704
"ENSMUSG00000002227",35.4102227282931,0.642463439374418,0.18878490711249,3.40315043824768,0.000666135917555736,0.0408845732520625,0.642463439374418,1.56099232002678
"ENSMUSG00000051682",64.9437748282083,-1.02793695483861,0.301980506693128,-3.403984469379,0.000664105291845543,0.0408845732520625,1.02793695483861,-2.03910625597083
"ENSMUSG00000039911",17.2716879170979,1.19700924922921,0.352814810245889,3.39274093509558,0.000691970480611927,0.0420903306013672,1.19700924922921,2.29263906969559
"ENSMUSG00000041926",124.540616795033,-0.589600917510827,0.173818295830721,-3.3920532628224,0.000693709536187536,0.0420903306013672,0.589600917510827,-1.5048304192729
"ENSMUSG00000000791",17.3637607637771,0.832398930331898,0.246440479856126,3.37768750822859,0.000730980974471427,0.0436680809441752,0.832398930331898,1.78064377748521
"ENSMUSG00000046879",205.112825370629,0.7659837735837,0.22680458768733,3.37728518366514,0.000732051083825879,0.0436680809441752,0.7659837735837,1.70052919366783
"ENSMUSG00000025648",38.413193837972,-0.764085468454684,0.226392427820642,-3.37504869668179,0.000738026303205,0.0437785658515681,0.764085468454684,-1.69829310056429
"ENSMUSG00000038400",12.7064312045232,1.15979862977194,0.344663898789968,3.36501337634639,0.000765399483036599,0.0451500650604589,1.15979862977194,2.23426239780798
"ENSMUSG00000001700",54.8030255471543,0.902007747100764,0.269565338051779,3.34615627372501,0.000819402008526611,0.0452966985555249,0.902007747100764,1.86866472824674
"ENSMUSG00000004043",60.9715184156639,0.591691471326879,0.175979302838272,3.36227875542076,0.000773020444491139,0.0452966985555249,0.591691471326879,1.50701259174173
"ENSMUSG00000014846",21.3961624426715,-1.25809779540674,0.374967700884037,-3.35521644248454,0.000793029104590451,0.0452966985555249,1.25809779540674,-2.39180172018867
"ENSMUSG00000017309",6.12109414204992,-1.96085803467993,0.585334950800449,-3.34997599579257,0.000808185637897505,0.0452966985555249,1.96085803467993,-3.89293440190028
"ENSMUSG00000020614",18.2073173685574,-1.29918344122746,0.388225844130344,-3.3464630468838,0.000818495882523181,0.0452966985555249,1.29918344122746,-2.46089557683721
"ENSMUSG00000021360",42.0538854823889,-0.719690487605571,0.21476951717804,-3.3509899219495,0.000805232328372245,0.0452966985555249,0.719690487605571,-1.64682868988718
"ENSMUSG00000026893",9.70739150539278,-0.787222553394629,0.235468835685977,-3.34321334329131,0.000828142052311968,0.0452966985555249,0.787222553394629,-1.72574888647267
"ENSMUSG00000027068",19.3244585499521,-0.795373227456,0.237357869541944,-3.3509452582757,0.000805362211176328,0.0452966985555249,0.795373227456,-1.7355262995919
"ENSMUSG00000029998",37.8203181511503,-0.660152615508459,0.197504748441136,-3.34246452664508,0.00083037968163603,0.0452966985555249,0.660152615508459,-1.5802497816232
"ENSMUSG00000031328",2466.30401753137,-0.592534348674352,0.17648462778313,-3.35742753415598,0.000786713624761976,0.0452966985555249,0.592534348674352,-1.50789330309763
"ENSMUSG00000045328",45.2536969313557,0.745744001420786,0.221887855641783,3.36090499078381,0.000776875439287052,0.0452966985555249,0.745744001420786,1.6768387963352
"ENSMUSG00000054855",31.0240630166968,0.73906937131676,0.220854113986297,3.34641432743525,0.000818639724640206,0.0452966985555249,0.73906937131676,1.66909881821785
"ENSMUSG00000055835",13.6097072241055,0.828921712740494,0.247376203808371,3.35085469005991,0.000805625644934381,0.0452966985555249,0.828921712740494,1.77635719576878
"ENSMUSG00000068566",131.038687143221,-0.638526283681744,0.191063131116875,-3.34196493038288,0.000831875703364792,0.0452966985555249,0.638526283681744,-1.55673813523928
"ENSMUSG00000056413",63.6230773058666,-0.689825620562599,0.206747542733219,-3.336560190477,0.00084822059460569,0.0457177983427575,0.689825620562599,-1.61308853165692
"ENSMUSG00000003518",69.9361364717303,-0.694469315534036,0.208346163677466,-3.3332474343474,0.000858385664733649,0.0460320150916257,0.694469315534036,-1.61828904820331
"ENSMUSG00000052160",238.863200206934,-0.839229418695544,0.251891492906602,-3.33171005106838,0.000863141343520137,0.0460544461582755,0.839229418695544,-1.78909428436803
"ENSMUSG00000026358",10.4429538454545,1.1594693640751,0.348858227494693,3.32361192224638,0.000888597577309974,0.0461310267878354,1.1594693640751,2.23375253120381
"ENSMUSG00000026579",421.58070629626,-1.19076957561443,0.358608497666294,-3.32052805040473,0.00089847329815608,0.0461310267878354,1.19076957561443,-2.28274478967334
"ENSMUSG00000034641",55.1373964644117,-0.911187107090069,0.273943786509016,-3.32618278626327,0.000880441710494493,0.0461310267878354,0.911187107090069,-1.88059228839212
"ENSMUSG00000032946",193.316409397054,-0.598659747892469,0.180496274929151,-3.31674295288064,0.000910733651610457,0.0464912015038454,0.598659747892469,-1.51430913184093
"ENSMUSG00000000594",194.906099403306,-0.666576149728257,0.201338258549817,-3.31072770038551,0.000930537106114335,0.0470497285367715,0.666576149728257,-1.58730145907316
"ENSMUSG00000005686",73.4542550854586,-0.59834812889493,0.181167038402822,-3.30274278461467,0.000957441660209263,0.0477282420098683,0.59834812889493,-1.51398207967773
"ENSMUSG00000026821",95.9767086252851,1.0495573970878,0.317751952681721,3.30307143112696,0.00095632024243711,0.0477282420098683,1.0495573970878,2.0698947294113
"ENSMUSG00000023903",27.7797641470021,-0.750147212088662,0.227504771378438,-3.29728122862463,0.000976256959394766,0.0482568360748076,0.750147212088662,-1.68196444880526
"ENSMUSG00000023800",10.2382751671983,-1.13533673062076,0.344743247657201,-3.29328199561923,0.000990251014986822,0.0484538492033644,1.13533673062076,-2.19669828564749
"ENSMUSG00000026193",4713.39585236714,-1.0670435279796,0.324160025404442,-3.29171842409714,0.000995772565740735,0.048500518821262,1.0670435279796,-2.09513546619901
"ENSMUSG00000048897",90.2611801340054,-0.66322818676025,0.201815300798919,-3.28631270342116,0.00101508254394909,0.0491452791447842,0.66322818676025,-1.58362218872079
"ENSMUSG00000054517",15.4516407499174,-0.787038724668273,0.239554227753844,-3.28543032635183,0.00101826722658246,0.0491452791447842,0.787038724668273,-1.72552900493144
"ENSMUSG00000078922",15.3776036747699,1.16902822788762,0.356170509554883,3.28221510913016,0.00102995002150523,0.0494842051056225,1.16902822788762,2.248601843452
